[{"bbox": [92, 4, 13, 34], "name": "UNKNOWN"}, {"bbox": [385, 4, 23, 35], "name": "UNKNOWN"}, {"bbox": [8, 5, 26, 33], "name": "UNKNOWN"}, {"bbox": [67, 5, 22, 33], "name": "UNKNOWN"}, {"bbox": [135, 5, 22, 33], "name": "UNKNOWN"}, {"bbox": [203, 5, 4, 33], "name": "UNKNOWN"}, {"bbox": [267, 5, 20, 33], "name": "UNKNOWN"}, {"bbox": [331, 5, 22, 33], "name": "2"}, {"bbox": [428, 5, 23, 33], "name": "UNKNOWN"}, {"bbox": [627, 5, 4, 33], "name": "UNKNOWN"}, {"bbox": [692, 5, 4, 33], "name": "UNKNOWN"}, {"bbox": [249, 7, 13, 31], "name": "UNKNOWN"}, {"bbox": [569, 7, 13, 31], "name": "UNKNOWN"}, {"bbox": [636, 7, 13, 31], "name": "UNKNOWN"}, {"bbox": [107, 13, 23, 26], "name": "a"}, {"bbox": [160, 13, 23, 26], "name": "UNKNOWN"}, {"bbox": [213, 13, 20, 26], "name": "UNKNOWN"}, {"bbox": [292, 13, 22, 26], "name": "e"}, {"bbox": [359, 13, 20, 25], "name": "UNKNOWN"}, {"bbox": [453, 13, 23, 26], "name": "a"}, {"bbox": [480, 13, 13, 25], "name": "UNKNOWN"}, {"bbox": [493, 13, 23, 35], "name": "UNKNOWN"}, {"bbox": [521, 13, 22, 26], "name": "e"}, {"bbox": [547, 13, 20, 26], "name": "UNKNOWN"}, {"bbox": [599, 13, 22, 26], "name": "UNKNOWN"}, {"bbox": [704, 13, 20, 25], "name": "UNKNOWN"}, {"bbox": [40, 14, 20, 25], "name": "UNKNOWN"}, {"bbox": [651, 14, 23, 34], "name": "2"}, {"bbox": [135, 55, 27, 35], "name": "UNKNOWN"}, {"bbox": [22, 56, 20, 34], "name": "UNKNOWN"}, {"bbox": [89, 56, 26, 34], "name": "UNKNOWN"}, {"bbox": [338, 56, 13, 34], "name": "UNKNOWN"}, {"bbox": [369, 56, 26, 34], "name": "UNKNOWN"}, {"bbox": [476, 56, 29, 34], "name": "UNKNOWN"}, {"bbox": [548, 56, 20, 34], "name": "UNKNOWN"}, {"bbox": [637, 56, 23, 34], "name": "UNKNOWN"}, {"bbox": [695, 56, 20, 34], "name": "UNKNOWN"}, {"bbox": [4, 58, 13, 32], "name": "UNKNOWN"}, {"bbox": [215, 58, 13, 32], "name": "UNKNOWN"}, {"bbox": [256, 58, 13, 32], "name": "UNKNOWN"}, {"bbox": [677, 58, 13, 32], "name": "UNKNOWN"}, {"bbox": [48, 65, 22, 25], "name": "e"}, {"bbox": [193, 65, 20, 25], "name": "UNKNOWN"}, {"bbox": [232, 65, 22, 25], "name": "a"}, {"bbox": [273, 65, 22, 25], "name": "e"}, {"bbox": [312, 65, 23, 25], "name": "UNKNOWN"}, {"bbox": [402, 65, 22, 25], "name": "e"}, {"bbox": [503, 65, 23, 25], "name": "UNKNOWN"}, {"bbox": [532, 65, 12, 25], "name": "UNKNOWN"}, {"bbox": [584, 65, 23, 25], "name": "a"}, {"bbox": [612, 65, 20, 25], "name": "UNKNOWN"}, {"bbox": [721, 65, 22, 25], "name": "e"}, {"bbox": [427, 66, 33, 24], "name": "UNKNOWN"}, {"bbox": [324, 110, 32, 40], "name": "UNKNOWN"}, {"bbox": [537, 110, 31, 39], "name": "UNKNOWN"}, {"bbox": [422, 112, 15, 37], "name": "UNKNOWN"}, {"bbox": [470, 112, 15, 37], "name": "UNKNOWN"}, {"bbox": [8, 115, 22, 34], "name": "UNKNOWN"}, {"bbox": [207, 115, 4, 34], "name": "UNKNOWN"}, {"bbox": [272, 115, 4, 34], "name": "UNKNOWN"}, {"bbox": [149, 117, 13, 32], "name": "UNKNOWN"}, {"bbox": [216, 117, 12, 32], "name": "UNKNOWN"}, {"bbox": [364, 120, 27, 40], "name": "UNKNOWN"}, {"bbox": [395, 120, 25, 30], "name": "UNKNOWN"}, {"bbox": [441, 120, 27, 30], "name": "a"}, {"bbox": [489, 120, 26, 30], "name": "e"}, {"bbox": [575, 120, 26, 30], "name": "e"}, {"bbox": [604, 121, 40, 28], "name": "UNKNOWN"}, {"bbox": [32, 124, 23, 26], "name": "a"}, {"bbox": [59, 124, 13, 25], "name": "UNKNOWN"}, {"bbox": [73, 124, 22, 35], "name": "UNKNOWN"}, {"bbox": [100, 124, 23, 26], "name": "e"}, {"bbox": [126, 124, 21, 26], "name": "UNKNOWN"}, {"bbox": [179, 124, 22, 26], "name": "UNKNOWN"}, {"bbox": [283, 124, 20, 25], "name": "UNKNOWN"}, {"bbox": [231, 125, 22, 34], "name": "UNKNOWN"}, {"bbox": [4, 170, 35, 40], "name": "UNKNOWN"}, {"bbox": [89, 170, 24, 40], "name": "UNKNOWN"}, {"bbox": [141, 176, 30, 34], "name": "UNKNOWN"}, {"bbox": [237, 176, 13, 34], "name": "UNKNOWN"}, {"bbox": [266, 176, 21, 34], "name": "2"}, {"bbox": [293, 176, 22, 34], "name": "UNKNOWN"}, {"bbox": [322, 176, 12, 33], "name": "UNKNOWN"}, {"bbox": [346, 176, 22, 34], "name": "UNKNOWN"}, {"bbox": [36, 181, 28, 29], "name": "UNKNOWN"}, {"bbox": [70, 181, 14, 29], "name": "UNKNOWN"}, {"bbox": [174, 185, 20, 25], "name": "UNKNOWN"}, {"bbox": [211, 185, 23, 25], "name": "UNKNOWN"}, {"bbox": [373, 185, 20, 25], "name": "UNKNOWN"}, {"bbox": [410, 185, 22, 25], "name": "c"}, {"bbox": [436, 185, 22, 25], "name": "UNKNOWN"}, {"bbox": [463, 185, 20, 24], "name": "UNKNOWN"}, {"bbox": [488, 185, 20, 25], "name": "UNKNOWN"}, {"bbox": [539, 185, 20, 25], "name": "UNKNOWN"}, {"bbox": [514, 186, 19, 24], "name": "UNKNOWN"}, {"bbox": [258, 228, 20, 34], "name": "UNKNOWN"}, {"bbox": [350, 228, 4, 34], "name": "UNKNOWN"}, {"bbox": [73, 229, 4, 33], "name": "UNKNOWN"}, {"bbox": [240, 230, 13, 32], "name": "UNKNOWN"}, {"bbox": [359, 230, 13, 32], "name": "UNKNOWN"}, {"bbox": [54, 231, 13, 31], "name": "UNKNOWN"}, {"bbox": [149, 231, 12, 31], "name": "UNKNOWN"}, {"bbox": [6, 237, 22, 25], "name": "e"}, {"bbox": [32, 237, 20, 25], "name": "UNKNOWN"}, {"bbox": [85, 237, 34, 25], "name": "UNKNOWN"}, {"bbox": [124, 237, 23, 25], "name": "a"}, {"bbox": [165, 237, 22, 25], "name": "e"}, {"bbox": [191, 237, 20, 25], "name": "UNKNOWN"}, {"bbox": [283, 237, 23, 26], "name": "e"}, {"bbox": [322, 237, 22, 26], "name": "UNKNOWN"}, {"bbox": [414, 237, 24, 35], "name": "UNKNOWN"}, {"bbox": [443, 237, 12, 25], "name": "UNKNOWN"}, {"bbox": [457, 237, 23, 26], "name": "UNKNOWN"}, {"bbox": [486, 237, 23, 35], "name": "UNKNOWN"}, {"bbox": [513, 237, 22, 26], "name": "e"}, {"bbox": [540, 237, 12, 25], "name": "UNKNOWN"}, {"bbox": [374, 238, 23, 34], "name": "2"}, {"bbox": [217, 257, 5, 12], "name": "UNKNOWN"}, {"bbox": [119, 280, 22, 34], "name": "UNKNOWN"}, {"bbox": [187, 280, 4, 34], "name": "UNKNOWN"}, {"bbox": [364, 280, 22, 34], "name": "2"}, {"bbox": [457, 280, 22, 34], "name": "2"}, {"bbox": [484, 280, 23, 34], "name": "UNKNOWN"}, {"bbox": [510, 280, 23, 34], "name": "UNKNOWN"}, {"bbox": [391, 281, 22, 33], "name": "UNKNOWN"}, {"bbox": [417, 281, 23, 33], "name": "UNKNOWN"}, {"bbox": [168, 282, 13, 32], "name": "UNKNOWN"}, {"bbox": [7, 289, 23, 34], "name": "UNKNOWN"}, {"bbox": [34, 289, 24, 25], "name": "UNKNOWN"}, {"bbox": [63, 289, 23, 34], "name": "UNKNOWN"}, {"bbox": [92, 289, 20, 25], "name": "UNKNOWN"}, {"bbox": [144, 289, 22, 25], "name": "a"}, {"bbox": [197, 289, 24, 25], "name": "UNKNOWN"}, {"bbox": [226, 289, 20, 25], "name": "UNKNOWN"}, {"bbox": [264, 289, 34, 25], "name": "UNKNOWN"}, {"bbox": [301, 289, 23, 25], "name": "a"}, {"bbox": [327, 289, 20, 25], "name": "UNKNOWN"}, {"bbox": [446, 309, 5, 11], "name": "UNKNOWN"}]